id|xpath|attributes|anchor_id|parent_id|dataspace_id|schema_node_id
1|/cps-ran-schema|{}|(select id from anchor where name='ran-network-simulation')|null|(select id from dataspace where name='NFP-Operational')|null
2|/cps-ran-schema/NearRTRIC[@idNearRTRIC="11"]|"{"idNearRTRIC": "11"}"|(select id from anchor where name='ran-network-simulation')|1|(select id from dataspace where name='NFP-Operational')|null
73|/cps-ran-schema/NearRTRIC[@idNearRTRIC="22"]|"{"idNearRTRIC": "22"}"|(select id from anchor where name='ran-network-simulation')|1|(select id from dataspace where name='NFP-Operational')|null
3|/cps-ran-schema/NearRTRIC[@idNearRTRIC="11"]/GNBCUCPFunction[@idGNBCUCPFunction="cucpserver1"]|"{"idGNBCUCPFunction": "cucpserver1"}"|(select id from anchor where name='ran-network-simulation')|2|(select id from dataspace where name='NFP-Operational')|null
35|/cps-ran-schema/NearRTRIC[@idNearRTRIC="11"]/GNBDUFunction[@idGNBDUFunction="1"]|"{"idGNBDUFunction": "1"}"|(select id from anchor where name='ran-network-simulation')|2|(select id from dataspace where name='NFP-Operational')|null
47|/cps-ran-schema/NearRTRIC[@idNearRTRIC="11"]/GNBDUFunction[@idGNBDUFunction="2"]|"{"idGNBDUFunction": "2"}"|(select id from anchor where name='ran-network-simulation')|2|(select id from dataspace where name='NFP-Operational')|null
59|/cps-ran-schema/NearRTRIC[@idNearRTRIC="11"]/GNBDUFunction[@idGNBDUFunction="3"]|"{"idGNBDUFunction": "3"}"|(select id from anchor where name='ran-network-simulation')|2|(select id from dataspace where name='NFP-Operational')|null
71|/cps-ran-schema/NearRTRIC[@idNearRTRIC="11"]/GNBCUUPFunction[@idGNBCUUPFunction="1111"]|"{"idGNBCUUPFunction": "1111"}"|(select id from anchor where name='ran-network-simulation')|2|(select id from dataspace where name='NFP-Operational')|null
4|/cps-ran-schema/NearRTRIC[@idNearRTRIC="11"]/GNBCUCPFunction[@idGNBCUCPFunction="cucpserver1"]/attributes|"{"gNBId": 98763, "gNBCUName": "cucpserver1", "gNBIdLength": 32}"|(select id from anchor where name='ran-network-simulation')|3|(select id from dataspace where name='NFP-Operational')|null
5|/cps-ran-schema/NearRTRIC[@idNearRTRIC="11"]/GNBCUCPFunction[@idGNBCUCPFunction="cucpserver1"]/NRCellCU[@idNRCellCU="15290"]|"{"idNRCellCU": "15290"}"|(select id from anchor where name='ran-network-simulation')|3|(select id from dataspace where name='NFP-Operational')|null
7|/cps-ran-schema/NearRTRIC[@idNearRTRIC="11"]/GNBCUCPFunction[@idGNBCUCPFunction="cucpserver1"]/NRCellCU[@idNRCellCU="15175"]|"{"idNRCellCU": "15175"}"|(select id from anchor where name='ran-network-simulation')|3|(select id from dataspace where name='NFP-Operational')|null
9|/cps-ran-schema/NearRTRIC[@idNearRTRIC="11"]/GNBCUCPFunction[@idGNBCUCPFunction="cucpserver1"]/NRCellCU[@idNRCellCU="15296"]|"{"idNRCellCU": "15296"}"|(select id from anchor where name='ran-network-simulation')|3|(select id from dataspace where name='NFP-Operational')|null
11|/cps-ran-schema/NearRTRIC[@idNearRTRIC="11"]/GNBCUCPFunction[@idGNBCUCPFunction="cucpserver1"]/NRCellCU[@idNRCellCU="15176"]|"{"idNRCellCU": "15176"}"|(select id from anchor where name='ran-network-simulation')|3|(select id from dataspace where name='NFP-Operational')|null
13|/cps-ran-schema/NearRTRIC[@idNearRTRIC="11"]/GNBCUCPFunction[@idGNBCUCPFunction="cucpserver1"]/NRCellCU[@idNRCellCU="15174"]|"{"idNRCellCU": "15174"}"|(select id from anchor where name='ran-network-simulation')|3|(select id from dataspace where name='NFP-Operational')|null
15|/cps-ran-schema/NearRTRIC[@idNearRTRIC="11"]/GNBCUCPFunction[@idGNBCUCPFunction="cucpserver1"]/NRCellCU[@idNRCellCU="15289"]|"{"idNRCellCU": "15289"}"|(select id from anchor where name='ran-network-simulation')|3|(select id from dataspace where name='NFP-Operational')|null
17|/cps-ran-schema/NearRTRIC[@idNearRTRIC="11"]/GNBCUCPFunction[@idGNBCUCPFunction="cucpserver1"]/NRCellCU[@idNRCellCU="14000"]|"{"idNRCellCU": "14000"}"|(select id from anchor where name='ran-network-simulation')|3|(select id from dataspace where name='NFP-Operational')|null
19|/cps-ran-schema/NearRTRIC[@idNearRTRIC="11"]/GNBCUCPFunction[@idGNBCUCPFunction="cucpserver1"]/NRCellCU[@idNRCellCU="15155"]|"{"idNRCellCU": "15155"}"|(select id from anchor where name='ran-network-simulation')|3|(select id from dataspace where name='NFP-Operational')|null
21|/cps-ran-schema/NearRTRIC[@idNearRTRIC="11"]/GNBCUCPFunction[@idGNBCUCPFunction="cucpserver1"]/NRCellCU[@idNRCellCU="15425"]|"{"idNRCellCU": "15425"}"|(select id from anchor where name='ran-network-simulation')|3|(select id from dataspace where name='NFP-Operational')|null
23|/cps-ran-schema/NearRTRIC[@idNearRTRIC="11"]/GNBCUCPFunction[@idGNBCUCPFunction="cucpserver1"]/NRCellCU[@idNRCellCU="15689"]|"{"idNRCellCU": "15689"}"|(select id from anchor where name='ran-network-simulation')|3|(select id from dataspace where name='NFP-Operational')|null
25|/cps-ran-schema/NearRTRIC[@idNearRTRIC="11"]/GNBCUCPFunction[@idGNBCUCPFunction="cucpserver1"]/NRCellCU[@idNRCellCU="15426"]|"{"idNRCellCU": "15426"}"|(select id from anchor where name='ran-network-simulation')|3|(select id from dataspace where name='NFP-Operational')|null
27|/cps-ran-schema/NearRTRIC[@idNearRTRIC="11"]/GNBCUCPFunction[@idGNBCUCPFunction="cucpserver1"]/NRCellCU[@idNRCellCU="15687"]|"{"idNRCellCU": "15687"}"|(select id from anchor where name='ran-network-simulation')|3|(select id from dataspace where name='NFP-Operational')|null
29|/cps-ran-schema/NearRTRIC[@idNearRTRIC="11"]/GNBCUCPFunction[@idGNBCUCPFunction="cucpserver1"]/NRCellCU[@idNRCellCU="15825"]|"{"idNRCellCU": "15825"}"|(select id from anchor where name='ran-network-simulation')|3|(select id from dataspace where name='NFP-Operational')|null
31|/cps-ran-schema/NearRTRIC[@idNearRTRIC="11"]/GNBCUCPFunction[@idGNBCUCPFunction="cucpserver1"]/NRCellCU[@idNRCellCU="15826"]|"{"idNRCellCU": "15826"}"|(select id from anchor where name='ran-network-simulation')|3|(select id from dataspace where name='NFP-Operational')|null
33|/cps-ran-schema/NearRTRIC[@idNearRTRIC="11"]/GNBCUCPFunction[@idGNBCUCPFunction="cucpserver1"]/NRCellCU[@idNRCellCU="13999"]|"{"idNRCellCU": "13999"}"|(select id from anchor where name='ran-network-simulation')|3|(select id from dataspace where name='NFP-Operational')|null
6|/cps-ran-schema/NearRTRIC[@idNearRTRIC="11"]/GNBCUCPFunction[@idGNBCUCPFunction="cucpserver1"]/NRCellCU[@idNRCellCU="15290"]/attributes|"{"cellLocalId": 15290}"|(select id from anchor where name='ran-network-simulation')|5|(select id from dataspace where name='NFP-Operational')|null
8|/cps-ran-schema/NearRTRIC[@idNearRTRIC="11"]/GNBCUCPFunction[@idGNBCUCPFunction="cucpserver1"]/NRCellCU[@idNRCellCU="15175"]/attributes|"{"cellLocalId": 15175}"|(select id from anchor where name='ran-network-simulation')|7|(select id from dataspace where name='NFP-Operational')|null
10|/cps-ran-schema/NearRTRIC[@idNearRTRIC="11"]/GNBCUCPFunction[@idGNBCUCPFunction="cucpserver1"]/NRCellCU[@idNRCellCU="15296"]/attributes|"{"cellLocalId": 15296}"|(select id from anchor where name='ran-network-simulation')|9|(select id from dataspace where name='NFP-Operational')|null
12|/cps-ran-schema/NearRTRIC[@idNearRTRIC="11"]/GNBCUCPFunction[@idGNBCUCPFunction="cucpserver1"]/NRCellCU[@idNRCellCU="15176"]/attributes|"{"cellLocalId": 15176}"|(select id from anchor where name='ran-network-simulation')|11|(select id from dataspace where name='NFP-Operational')|null
14|/cps-ran-schema/NearRTRIC[@idNearRTRIC="11"]/GNBCUCPFunction[@idGNBCUCPFunction="cucpserver1"]/NRCellCU[@idNRCellCU="15174"]/attributes|"{"cellLocalId": 15174}"|(select id from anchor where name='ran-network-simulation')|13|(select id from dataspace where name='NFP-Operational')|null
16|/cps-ran-schema/NearRTRIC[@idNearRTRIC="11"]/GNBCUCPFunction[@idGNBCUCPFunction="cucpserver1"]/NRCellCU[@idNRCellCU="15289"]/attributes|"{"cellLocalId": 15289}"|(select id from anchor where name='ran-network-simulation')|15|(select id from dataspace where name='NFP-Operational')|null
18|/cps-ran-schema/NearRTRIC[@idNearRTRIC="11"]/GNBCUCPFunction[@idGNBCUCPFunction="cucpserver1"]/NRCellCU[@idNRCellCU="14000"]/attributes|"{"cellLocalId": 14000}"|(select id from anchor where name='ran-network-simulation')|17|(select id from dataspace where name='NFP-Operational')|null
20|/cps-ran-schema/NearRTRIC[@idNearRTRIC="11"]/GNBCUCPFunction[@idGNBCUCPFunction="cucpserver1"]/NRCellCU[@idNRCellCU="15155"]/attributes|"{"cellLocalId": 15155}"|(select id from anchor where name='ran-network-simulation')|19|(select id from dataspace where name='NFP-Operational')|null
22|/cps-ran-schema/NearRTRIC[@idNearRTRIC="11"]/GNBCUCPFunction[@idGNBCUCPFunction="cucpserver1"]/NRCellCU[@idNRCellCU="15425"]/attributes|"{"cellLocalId": 15425}"|(select id from anchor where name='ran-network-simulation')|21|(select id from dataspace where name='NFP-Operational')|null
24|/cps-ran-schema/NearRTRIC[@idNearRTRIC="11"]/GNBCUCPFunction[@idGNBCUCPFunction="cucpserver1"]/NRCellCU[@idNRCellCU="15689"]/attributes|"{"cellLocalId": 15689}"|(select id from anchor where name='ran-network-simulation')|23|(select id from dataspace where name='NFP-Operational')|null
26|/cps-ran-schema/NearRTRIC[@idNearRTRIC="11"]/GNBCUCPFunction[@idGNBCUCPFunction="cucpserver1"]/NRCellCU[@idNRCellCU="15426"]/attributes|"{"cellLocalId": 15426}"|(select id from anchor where name='ran-network-simulation')|25|(select id from dataspace where name='NFP-Operational')|null
28|/cps-ran-schema/NearRTRIC[@idNearRTRIC="11"]/GNBCUCPFunction[@idGNBCUCPFunction="cucpserver1"]/NRCellCU[@idNRCellCU="15687"]/attributes|"{"cellLocalId": 15687}"|(select id from anchor where name='ran-network-simulation')|27|(select id from dataspace where name='NFP-Operational')|null
30|/cps-ran-schema/NearRTRIC[@idNearRTRIC="11"]/GNBCUCPFunction[@idGNBCUCPFunction="cucpserver1"]/NRCellCU[@idNRCellCU="15825"]/attributes|"{"cellLocalId": 15825}"|(select id from anchor where name='ran-network-simulation')|29|(select id from dataspace where name='NFP-Operational')|null
32|/cps-ran-schema/NearRTRIC[@idNearRTRIC="11"]/GNBCUCPFunction[@idGNBCUCPFunction="cucpserver1"]/NRCellCU[@idNRCellCU="15826"]/attributes|"{"cellLocalId": 15826}"|(select id from anchor where name='ran-network-simulation')|31|(select id from dataspace where name='NFP-Operational')|null
34|/cps-ran-schema/NearRTRIC[@idNearRTRIC="11"]/GNBCUCPFunction[@idGNBCUCPFunction="cucpserver1"]/NRCellCU[@idNRCellCU="13999"]/attributes|"{"cellLocalId": 13999}"|(select id from anchor where name='ran-network-simulation')|33|(select id from dataspace where name='NFP-Operational')|null
36|/cps-ran-schema/NearRTRIC[@idNearRTRIC="11"]/GNBDUFunction[@idGNBDUFunction="1"]/attributes|"{"gNBDUId": 1, "gNBDUName": "gnduserver1", "gNBIdLength": 32}"|(select id from anchor where name='ran-network-simulation')|35|(select id from dataspace where name='NFP-Operational')|null
37|/cps-ran-schema/NearRTRIC[@idNearRTRIC="11"]/GNBDUFunction[@idGNBDUFunction="1"]/NRCellDU[@idNRCellDU="15289"]|"{"idNRCellDU": "15289"}"|(select id from anchor where name='ran-network-simulation')|35|(select id from dataspace where name='NFP-Operational')|null
39|/cps-ran-schema/NearRTRIC[@idNearRTRIC="11"]/GNBDUFunction[@idGNBDUFunction="1"]/NRCellDU[@idNRCellDU="15290"]|"{"idNRCellDU": "15290"}"|(select id from anchor where name='ran-network-simulation')|35|(select id from dataspace where name='NFP-Operational')|null
41|/cps-ran-schema/NearRTRIC[@idNearRTRIC="11"]/GNBDUFunction[@idGNBDUFunction="1"]/NRCellDU[@idNRCellDU="15296"]|"{"idNRCellDU": "15296"}"|(select id from anchor where name='ran-network-simulation')|35|(select id from dataspace where name='NFP-Operational')|null
43|/cps-ran-schema/NearRTRIC[@idNearRTRIC="11"]/GNBDUFunction[@idGNBDUFunction="1"]/NRCellDU[@idNRCellDU="15689"]|"{"idNRCellDU": "15689"}"|(select id from anchor where name='ran-network-simulation')|35|(select id from dataspace where name='NFP-Operational')|null
45|/cps-ran-schema/NearRTRIC[@idNearRTRIC="11"]/GNBDUFunction[@idGNBDUFunction="1"]/NRCellDU[@idNRCellDU="15687"]|"{"idNRCellDU": "15687"}"|(select id from anchor where name='ran-network-simulation')|35|(select id from dataspace where name='NFP-Operational')|null
38|/cps-ran-schema/NearRTRIC[@idNearRTRIC="11"]/GNBDUFunction[@idGNBDUFunction="1"]/NRCellDU[@idNRCellDU="15289"]/attributes|"{"nRPCI": 12, "nRTAC": 310, "cellLocalId": 15289}"|(select id from anchor where name='ran-network-simulation')|37|(select id from dataspace where name='NFP-Operational')|null
40|/cps-ran-schema/NearRTRIC[@idNearRTRIC="11"]/GNBDUFunction[@idGNBDUFunction="1"]/NRCellDU[@idNRCellDU="15290"]/attributes|"{"nRPCI": 12, "nRTAC": 310, "cellLocalId": 15290}"|(select id from anchor where name='ran-network-simulation')|39|(select id from dataspace where name='NFP-Operational')|null
42|/cps-ran-schema/NearRTRIC[@idNearRTRIC="11"]/GNBDUFunction[@idGNBDUFunction="1"]/NRCellDU[@idNRCellDU="15296"]/attributes|"{"nRPCI": 12, "nRTAC": 310, "cellLocalId": 15296}"|(select id from anchor where name='ran-network-simulation')|41|(select id from dataspace where name='NFP-Operational')|null
44|/cps-ran-schema/NearRTRIC[@idNearRTRIC="11"]/GNBDUFunction[@idGNBDUFunction="1"]/NRCellDU[@idNRCellDU="15689"]/attributes|"{"nRPCI": 12, "nRTAC": 310, "cellLocalId": 15689}"|(select id from anchor where name='ran-network-simulation')|43|(select id from dataspace where name='NFP-Operational')|null
46|/cps-ran-schema/NearRTRIC[@idNearRTRIC="11"]/GNBDUFunction[@idGNBDUFunction="1"]/NRCellDU[@idNRCellDU="15687"]/attributes|"{"nRPCI": 12, "nRTAC": 310, "cellLocalId": 15687}"|(select id from anchor where name='ran-network-simulation')|45|(select id from dataspace where name='NFP-Operational')|null
48|/cps-ran-schema/NearRTRIC[@idNearRTRIC="11"]/GNBDUFunction[@idGNBDUFunction="2"]/attributes|"{"gNBDUId": 2, "gNBDUName": "gnduserver2", "gNBIdLength": 32}"|(select id from anchor where name='ran-network-simulation')|47|(select id from dataspace where name='NFP-Operational')|null
49|/cps-ran-schema/NearRTRIC[@idNearRTRIC="11"]/GNBDUFunction[@idGNBDUFunction="2"]/NRCellDU[@idNRCellDU="15825"]|"{"idNRCellDU": "15825"}"|(select id from anchor where name='ran-network-simulation')|47|(select id from dataspace where name='NFP-Operational')|null
51|/cps-ran-schema/NearRTRIC[@idNearRTRIC="11"]/GNBDUFunction[@idGNBDUFunction="2"]/NRCellDU[@idNRCellDU="15155"]|"{"idNRCellDU": "15155"}"|(select id from anchor where name='ran-network-simulation')|47|(select id from dataspace where name='NFP-Operational')|null
53|/cps-ran-schema/NearRTRIC[@idNearRTRIC="11"]/GNBDUFunction[@idGNBDUFunction="2"]/NRCellDU[@idNRCellDU="15175"]|"{"idNRCellDU": "15175"}"|(select id from anchor where name='ran-network-simulation')|47|(select id from dataspace where name='NFP-Operational')|null
55|/cps-ran-schema/NearRTRIC[@idNearRTRIC="11"]/GNBDUFunction[@idGNBDUFunction="2"]/NRCellDU[@idNRCellDU="15176"]|"{"idNRCellDU": "15176"}"|(select id from anchor where name='ran-network-simulation')|47|(select id from dataspace where name='NFP-Operational')|null
57|/cps-ran-schema/NearRTRIC[@idNearRTRIC="11"]/GNBDUFunction[@idGNBDUFunction="2"]/NRCellDU[@idNRCellDU="15174"]|"{"idNRCellDU": "15174"}"|(select id from anchor where name='ran-network-simulation')|47|(select id from dataspace where name='NFP-Operational')|null
50|/cps-ran-schema/NearRTRIC[@idNearRTRIC="11"]/GNBDUFunction[@idGNBDUFunction="2"]/NRCellDU[@idNRCellDU="15825"]/attributes|"{"nRPCI": 12, "nRTAC": 310, "cellLocalId": 15825}"|(select id from anchor where name='ran-network-simulation')|49|(select id from dataspace where name='NFP-Operational')|null
52|/cps-ran-schema/NearRTRIC[@idNearRTRIC="11"]/GNBDUFunction[@idGNBDUFunction="2"]/NRCellDU[@idNRCellDU="15155"]/attributes|"{"nRPCI": 12, "nRTAC": 310, "cellLocalId": 15155}"|(select id from anchor where name='ran-network-simulation')|51|(select id from dataspace where name='NFP-Operational')|null
54|/cps-ran-schema/NearRTRIC[@idNearRTRIC="11"]/GNBDUFunction[@idGNBDUFunction="2"]/NRCellDU[@idNRCellDU="15175"]/attributes|"{"nRPCI": 12, "nRTAC": 310, "cellLocalId": 15175}"|(select id from anchor where name='ran-network-simulation')|53|(select id from dataspace where name='NFP-Operational')|null
56|/cps-ran-schema/NearRTRIC[@idNearRTRIC="11"]/GNBDUFunction[@idGNBDUFunction="2"]/NRCellDU[@idNRCellDU="15176"]/attributes|"{"nRPCI": 12, "nRTAC": 310, "cellLocalId": 15176}"|(select id from anchor where name='ran-network-simulation')|55|(select id from dataspace where name='NFP-Operational')|null
58|/cps-ran-schema/NearRTRIC[@idNearRTRIC="11"]/GNBDUFunction[@idGNBDUFunction="2"]/NRCellDU[@idNRCellDU="15174"]/attributes|"{"nRPCI": 12, "nRTAC": 310, "cellLocalId": 15174}"|(select id from anchor where name='ran-network-simulation')|57|(select id from dataspace where name='NFP-Operational')|null
60|/cps-ran-schema/NearRTRIC[@idNearRTRIC="11"]/GNBDUFunction[@idGNBDUFunction="3"]/attributes|"{"gNBDUId": 3, "gNBDUName": "gnduserver3", "gNBIdLength": 32}"|(select id from anchor where name='ran-network-simulation')|59|(select id from dataspace where name='NFP-Operational')|null
61|/cps-ran-schema/NearRTRIC[@idNearRTRIC="11"]/GNBDUFunction[@idGNBDUFunction="3"]/NRCellDU[@idNRCellDU="15826"]|"{"idNRCellDU": "15826"}"|(select id from anchor where name='ran-network-simulation')|59|(select id from dataspace where name='NFP-Operational')|null
63|/cps-ran-schema/NearRTRIC[@idNearRTRIC="11"]/GNBDUFunction[@idGNBDUFunction="3"]/NRCellDU[@idNRCellDU="14000"]|"{"idNRCellDU": "14000"}"|(select id from anchor where name='ran-network-simulation')|59|(select id from dataspace where name='NFP-Operational')|null
65|/cps-ran-schema/NearRTRIC[@idNearRTRIC="11"]/GNBDUFunction[@idGNBDUFunction="3"]/NRCellDU[@idNRCellDU="13999"]|"{"idNRCellDU": "13999"}"|(select id from anchor where name='ran-network-simulation')|59|(select id from dataspace where name='NFP-Operational')|null
67|/cps-ran-schema/NearRTRIC[@idNearRTRIC="11"]/GNBDUFunction[@idGNBDUFunction="3"]/NRCellDU[@idNRCellDU="15425"]|"{"idNRCellDU": "15425"}"|(select id from anchor where name='ran-network-simulation')|59|(select id from dataspace where name='NFP-Operational')|null
69|/cps-ran-schema/NearRTRIC[@idNearRTRIC="11"]/GNBDUFunction[@idGNBDUFunction="3"]/NRCellDU[@idNRCellDU="15426"]|"{"idNRCellDU": "15426"}"|(select id from anchor where name='ran-network-simulation')|59|(select id from dataspace where name='NFP-Operational')|null
62|/cps-ran-schema/NearRTRIC[@idNearRTRIC="11"]/GNBDUFunction[@idGNBDUFunction="3"]/NRCellDU[@idNRCellDU="15826"]/attributes|"{"nRPCI": 12, "nRTAC": 310, "cellLocalId": 15826}"|(select id from anchor where name='ran-network-simulation')|61|(select id from dataspace where name='NFP-Operational')|null
64|/cps-ran-schema/NearRTRIC[@idNearRTRIC="11"]/GNBDUFunction[@idGNBDUFunction="3"]/NRCellDU[@idNRCellDU="14000"]/attributes|"{"nRPCI": 12, "nRTAC": 310, "cellLocalId": 14000}"|(select id from anchor where name='ran-network-simulation')|63|(select id from dataspace where name='NFP-Operational')|null
66|/cps-ran-schema/NearRTRIC[@idNearRTRIC="11"]/GNBDUFunction[@idGNBDUFunction="3"]/NRCellDU[@idNRCellDU="13999"]/attributes|"{"nRPCI": 12, "nRTAC": 310, "cellLocalId": 13999}"|(select id from anchor where name='ran-network-simulation')|65|(select id from dataspace where name='NFP-Operational')|null
68|/cps-ran-schema/NearRTRIC[@idNearRTRIC="11"]/GNBDUFunction[@idGNBDUFunction="3"]/NRCellDU[@idNRCellDU="15425"]/attributes|"{"nRPCI": 12, "nRTAC": 310, "cellLocalId": 15425}"|(select id from anchor where name='ran-network-simulation')|67|(select id from dataspace where name='NFP-Operational')|null
70|/cps-ran-schema/NearRTRIC[@idNearRTRIC="11"]/GNBDUFunction[@idGNBDUFunction="3"]/NRCellDU[@idNRCellDU="15426"]/attributes|"{"nRPCI": 12, "nRTAC": 310, "cellLocalId": 15426}"|(select id from anchor where name='ran-network-simulation')|69|(select id from dataspace where name='NFP-Operational')|null
72|/cps-ran-schema/NearRTRIC[@idNearRTRIC="11"]/GNBCUUPFunction[@idGNBCUUPFunction="1111"]/attributes|"{"gNBId": 98763}"|(select id from anchor where name='ran-network-simulation')|71|(select id from dataspace where name='NFP-Operational')|null
74|/cps-ran-schema/NearRTRIC[@idNearRTRIC="22"]/GNBCUCPFunction[@idGNBCUCPFunction="cucpserver2"]|"{"idGNBCUCPFunction": "cucpserver2"}"|(select id from anchor where name='ran-network-simulation')|73|(select id from dataspace where name='NFP-Operational')|null
106|/cps-ran-schema/NearRTRIC[@idNearRTRIC="22"]/GNBDUFunction[@idGNBDUFunction="4"]|"{"idGNBDUFunction": "4"}"|(select id from anchor where name='ran-network-simulation')|73|(select id from dataspace where name='NFP-Operational')|null
118|/cps-ran-schema/NearRTRIC[@idNearRTRIC="22"]/GNBDUFunction[@idGNBDUFunction="5"]|"{"idGNBDUFunction": "5"}"|(select id from anchor where name='ran-network-simulation')|73|(select id from dataspace where name='NFP-Operational')|null
130|/cps-ran-schema/NearRTRIC[@idNearRTRIC="22"]/GNBDUFunction[@idGNBDUFunction="6"]|"{"idGNBDUFunction": "6"}"|(select id from anchor where name='ran-network-simulation')|73|(select id from dataspace where name='NFP-Operational')|null
142|/cps-ran-schema/NearRTRIC[@idNearRTRIC="22"]/GNBCUUPFunction[@idGNBCUUPFunction="2222"]|"{"idGNBCUUPFunction": "2222"}"|(select id from anchor where name='ran-network-simulation')|73|(select id from dataspace where name='NFP-Operational')|null
75|/cps-ran-schema/NearRTRIC[@idNearRTRIC="22"]/GNBCUCPFunction[@idGNBCUCPFunction="cucpserver2"]/attributes|"{"gNBId": 98763, "gNBCUName": "cucpserver2", "gNBIdLength": 32}"|(select id from anchor where name='ran-network-simulation')|74|(select id from dataspace where name='NFP-Operational')|null
76|/cps-ran-schema/NearRTRIC[@idNearRTRIC="22"]/GNBCUCPFunction[@idGNBCUCPFunction="cucpserver2"]/NRCellCU[@idNRCellCU="15360"]|"{"idNRCellCU": "15360"}"|(select id from anchor where name='ran-network-simulation')|74|(select id from dataspace where name='NFP-Operational')|null
78|/cps-ran-schema/NearRTRIC[@idNearRTRIC="22"]/GNBCUCPFunction[@idGNBCUCPFunction="cucpserver2"]/NRCellCU[@idNRCellCU="15361"]|"{"idNRCellCU": "15361"}"|(select id from anchor where name='ran-network-simulation')|74|(select id from dataspace where name='NFP-Operational')|null
80|/cps-ran-schema/NearRTRIC[@idNearRTRIC="22"]/GNBCUCPFunction[@idGNBCUCPFunction="cucpserver2"]/NRCellCU[@idNRCellCU="11561"]|"{"idNRCellCU": "11561"}"|(select id from anchor where name='ran-network-simulation')|74|(select id from dataspace where name='NFP-Operational')|null
82|/cps-ran-schema/NearRTRIC[@idNearRTRIC="22"]/GNBCUCPFunction[@idGNBCUCPFunction="cucpserver2"]/NRCellCU[@idNRCellCU="11562"]|"{"idNRCellCU": "11562"}"|(select id from anchor where name='ran-network-simulation')|74|(select id from dataspace where name='NFP-Operational')|null
84|/cps-ran-schema/NearRTRIC[@idNearRTRIC="22"]/GNBCUCPFunction[@idGNBCUCPFunction="cucpserver2"]/NRCellCU[@idNRCellCU="14655"]|"{"idNRCellCU": "14655"}"|(select id from anchor where name='ran-network-simulation')|74|(select id from dataspace where name='NFP-Operational')|null
86|/cps-ran-schema/NearRTRIC[@idNearRTRIC="22"]/GNBCUCPFunction[@idGNBCUCPFunction="cucpserver2"]/NRCellCU[@idNRCellCU="14656"]|"{"idNRCellCU": "14656"}"|(select id from anchor where name='ran-network-simulation')|74|(select id from dataspace where name='NFP-Operational')|null
88|/cps-ran-schema/NearRTRIC[@idNearRTRIC="22"]/GNBCUCPFunction[@idGNBCUCPFunction="cucpserver2"]/NRCellCU[@idNRCellCU="13910"]|"{"idNRCellCU": "13910"}"|(select id from anchor where name='ran-network-simulation')|74|(select id from dataspace where name='NFP-Operational')|null
90|/cps-ran-schema/NearRTRIC[@idNearRTRIC="22"]/GNBCUCPFunction[@idGNBCUCPFunction="cucpserver2"]/NRCellCU[@idNRCellCU="10896"]|"{"idNRCellCU": "10896"}"|(select id from anchor where name='ran-network-simulation')|74|(select id from dataspace where name='NFP-Operational')|null
92|/cps-ran-schema/NearRTRIC[@idNearRTRIC="22"]/GNBCUCPFunction[@idGNBCUCPFunction="cucpserver2"]/NRCellCU[@idNRCellCU="10897"]|"{"idNRCellCU": "10897"}"|(select id from anchor where name='ran-network-simulation')|74|(select id from dataspace where name='NFP-Operational')|null
94|/cps-ran-schema/NearRTRIC[@idNearRTRIC="22"]/GNBCUCPFunction[@idGNBCUCPFunction="cucpserver2"]/NRCellCU[@idNRCellCU="11568"]|"{"idNRCellCU": "11568"}"|(select id from anchor where name='ran-network-simulation')|74|(select id from dataspace where name='NFP-Operational')|null
96|/cps-ran-schema/NearRTRIC[@idNearRTRIC="22"]/GNBCUCPFunction[@idGNBCUCPFunction="cucpserver2"]/NRCellCU[@idNRCellCU="15548"]|"{"idNRCellCU": "15548"}"|(select id from anchor where name='ran-network-simulation')|74|(select id from dataspace where name='NFP-Operational')|null
98|/cps-ran-schema/NearRTRIC[@idNearRTRIC="22"]/GNBCUCPFunction[@idGNBCUCPFunction="cucpserver2"]/NRCellCU[@idNRCellCU="11569"]|"{"idNRCellCU": "11569"}"|(select id from anchor where name='ran-network-simulation')|74|(select id from dataspace where name='NFP-Operational')|null
100|/cps-ran-schema/NearRTRIC[@idNearRTRIC="22"]/GNBCUCPFunction[@idGNBCUCPFunction="cucpserver2"]/NRCellCU[@idNRCellCU="14427"]|"{"idNRCellCU": "14427"}"|(select id from anchor where name='ran-network-simulation')|74|(select id from dataspace where name='NFP-Operational')|null
102|/cps-ran-schema/NearRTRIC[@idNearRTRIC="22"]/GNBCUCPFunction[@idGNBCUCPFunction="cucpserver2"]/NRCellCU[@idNRCellCU="15549"]|"{"idNRCellCU": "15549"}"|(select id from anchor where name='ran-network-simulation')|74|(select id from dataspace where name='NFP-Operational')|null
104|/cps-ran-schema/NearRTRIC[@idNearRTRIC="22"]/GNBCUCPFunction[@idGNBCUCPFunction="cucpserver2"]/NRCellCU[@idNRCellCU="13905"]|"{"idNRCellCU": "13905"}"|(select id from anchor where name='ran-network-simulation')|74|(select id from dataspace where name='NFP-Operational')|null
77|/cps-ran-schema/NearRTRIC[@idNearRTRIC="22"]/GNBCUCPFunction[@idGNBCUCPFunction="cucpserver2"]/NRCellCU[@idNRCellCU="15360"]/attributes|"{"cellLocalId": 15360}"|(select id from anchor where name='ran-network-simulation')|76|(select id from dataspace where name='NFP-Operational')|null
79|/cps-ran-schema/NearRTRIC[@idNearRTRIC="22"]/GNBCUCPFunction[@idGNBCUCPFunction="cucpserver2"]/NRCellCU[@idNRCellCU="15361"]/attributes|"{"cellLocalId": 15361}"|(select id from anchor where name='ran-network-simulation')|78|(select id from dataspace where name='NFP-Operational')|null
81|/cps-ran-schema/NearRTRIC[@idNearRTRIC="22"]/GNBCUCPFunction[@idGNBCUCPFunction="cucpserver2"]/NRCellCU[@idNRCellCU="11561"]/attributes|"{"cellLocalId": 11561}"|(select id from anchor where name='ran-network-simulation')|80|(select id from dataspace where name='NFP-Operational')|null
83|/cps-ran-schema/NearRTRIC[@idNearRTRIC="22"]/GNBCUCPFunction[@idGNBCUCPFunction="cucpserver2"]/NRCellCU[@idNRCellCU="11562"]/attributes|"{"cellLocalId": 11562}"|(select id from anchor where name='ran-network-simulation')|82|(select id from dataspace where name='NFP-Operational')|null
85|/cps-ran-schema/NearRTRIC[@idNearRTRIC="22"]/GNBCUCPFunction[@idGNBCUCPFunction="cucpserver2"]/NRCellCU[@idNRCellCU="14655"]/attributes|"{"cellLocalId": 14655}"|(select id from anchor where name='ran-network-simulation')|84|(select id from dataspace where name='NFP-Operational')|null
87|/cps-ran-schema/NearRTRIC[@idNearRTRIC="22"]/GNBCUCPFunction[@idGNBCUCPFunction="cucpserver2"]/NRCellCU[@idNRCellCU="14656"]/attributes|"{"cellLocalId": 14656}"|(select id from anchor where name='ran-network-simulation')|86|(select id from dataspace where name='NFP-Operational')|null
89|/cps-ran-schema/NearRTRIC[@idNearRTRIC="22"]/GNBCUCPFunction[@idGNBCUCPFunction="cucpserver2"]/NRCellCU[@idNRCellCU="13910"]/attributes|"{"cellLocalId": 13910}"|(select id from anchor where name='ran-network-simulation')|88|(select id from dataspace where name='NFP-Operational')|null
91|/cps-ran-schema/NearRTRIC[@idNearRTRIC="22"]/GNBCUCPFunction[@idGNBCUCPFunction="cucpserver2"]/NRCellCU[@idNRCellCU="10896"]/attributes|"{"cellLocalId": 10896}"|(select id from anchor where name='ran-network-simulation')|90|(select id from dataspace where name='NFP-Operational')|null
93|/cps-ran-schema/NearRTRIC[@idNearRTRIC="22"]/GNBCUCPFunction[@idGNBCUCPFunction="cucpserver2"]/NRCellCU[@idNRCellCU="10897"]/attributes|"{"cellLocalId": 10897}"|(select id from anchor where name='ran-network-simulation')|92|(select id from dataspace where name='NFP-Operational')|null
95|/cps-ran-schema/NearRTRIC[@idNearRTRIC="22"]/GNBCUCPFunction[@idGNBCUCPFunction="cucpserver2"]/NRCellCU[@idNRCellCU="11568"]/attributes|"{"cellLocalId": 11568}"|(select id from anchor where name='ran-network-simulation')|94|(select id from dataspace where name='NFP-Operational')|null
97|/cps-ran-schema/NearRTRIC[@idNearRTRIC="22"]/GNBCUCPFunction[@idGNBCUCPFunction="cucpserver2"]/NRCellCU[@idNRCellCU="15548"]/attributes|"{"cellLocalId": 15548}"|(select id from anchor where name='ran-network-simulation')|96|(select id from dataspace where name='NFP-Operational')|null
99|/cps-ran-schema/NearRTRIC[@idNearRTRIC="22"]/GNBCUCPFunction[@idGNBCUCPFunction="cucpserver2"]/NRCellCU[@idNRCellCU="11569"]/attributes|"{"cellLocalId": 11569}"|(select id from anchor where name='ran-network-simulation')|98|(select id from dataspace where name='NFP-Operational')|null
101|/cps-ran-schema/NearRTRIC[@idNearRTRIC="22"]/GNBCUCPFunction[@idGNBCUCPFunction="cucpserver2"]/NRCellCU[@idNRCellCU="14427"]/attributes|"{"cellLocalId": 14427}"|(select id from anchor where name='ran-network-simulation')|100|(select id from dataspace where name='NFP-Operational')|null
103|/cps-ran-schema/NearRTRIC[@idNearRTRIC="22"]/GNBCUCPFunction[@idGNBCUCPFunction="cucpserver2"]/NRCellCU[@idNRCellCU="15549"]/attributes|"{"cellLocalId": 15549}"|(select id from anchor where name='ran-network-simulation')|102|(select id from dataspace where name='NFP-Operational')|null
105|/cps-ran-schema/NearRTRIC[@idNearRTRIC="22"]/GNBCUCPFunction[@idGNBCUCPFunction="cucpserver2"]/NRCellCU[@idNRCellCU="13905"]/attributes|"{"cellLocalId": 13905}"|(select id from anchor where name='ran-network-simulation')|104|(select id from dataspace where name='NFP-Operational')|null
107|/cps-ran-schema/NearRTRIC[@idNearRTRIC="22"]/GNBDUFunction[@idGNBDUFunction="4"]/attributes|"{"gNBDUId": 4, "gNBDUName": "gnduserver4", "gNBIdLength": 32}"|(select id from anchor where name='ran-network-simulation')|106|(select id from dataspace where name='NFP-Operational')|null
108|/cps-ran-schema/NearRTRIC[@idNearRTRIC="22"]/GNBDUFunction[@idGNBDUFunction="4"]/NRCellDU[@idNRCellDU="10896"]|"{"idNRCellDU": "10896"}"|(select id from anchor where name='ran-network-simulation')|106|(select id from dataspace where name='NFP-Operational')|null
110|/cps-ran-schema/NearRTRIC[@idNearRTRIC="22"]/GNBDUFunction[@idGNBDUFunction="4"]/NRCellDU[@idNRCellDU="11568"]|"{"idNRCellDU": "11568"}"|(select id from anchor where name='ran-network-simulation')|106|(select id from dataspace where name='NFP-Operational')|null
112|/cps-ran-schema/NearRTRIC[@idNearRTRIC="22"]/GNBDUFunction[@idGNBDUFunction="4"]/NRCellDU[@idNRCellDU="11561"]|"{"idNRCellDU": "11561"}"|(select id from anchor where name='ran-network-simulation')|106|(select id from dataspace where name='NFP-Operational')|null
114|/cps-ran-schema/NearRTRIC[@idNearRTRIC="22"]/GNBDUFunction[@idGNBDUFunction="4"]/NRCellDU[@idNRCellDU="11569"]|"{"idNRCellDU": "11569"}"|(select id from anchor where name='ran-network-simulation')|106|(select id from dataspace where name='NFP-Operational')|null
116|/cps-ran-schema/NearRTRIC[@idNearRTRIC="22"]/GNBDUFunction[@idGNBDUFunction="4"]/NRCellDU[@idNRCellDU="11562"]|"{"idNRCellDU": "11562"}"|(select id from anchor where name='ran-network-simulation')|106|(select id from dataspace where name='NFP-Operational')|null
109|/cps-ran-schema/NearRTRIC[@idNearRTRIC="22"]/GNBDUFunction[@idGNBDUFunction="4"]/NRCellDU[@idNRCellDU="10896"]/attributes|"{"nRPCI": 12, "nRTAC": 310, "cellLocalId": 10896}"|(select id from anchor where name='ran-network-simulation')|108|(select id from dataspace where name='NFP-Operational')|null
111|/cps-ran-schema/NearRTRIC[@idNearRTRIC="22"]/GNBDUFunction[@idGNBDUFunction="4"]/NRCellDU[@idNRCellDU="11568"]/attributes|"{"nRPCI": 12, "nRTAC": 310, "cellLocalId": 11568}"|(select id from anchor where name='ran-network-simulation')|110|(select id from dataspace where name='NFP-Operational')|null
113|/cps-ran-schema/NearRTRIC[@idNearRTRIC="22"]/GNBDUFunction[@idGNBDUFunction="4"]/NRCellDU[@idNRCellDU="11561"]/attributes|"{"nRPCI": 12, "nRTAC": 310, "cellLocalId": 11561}"|(select id from anchor where name='ran-network-simulation')|112|(select id from dataspace where name='NFP-Operational')|null
115|/cps-ran-schema/NearRTRIC[@idNearRTRIC="22"]/GNBDUFunction[@idGNBDUFunction="4"]/NRCellDU[@idNRCellDU="11569"]/attributes|"{"nRPCI": 12, "nRTAC": 310, "cellLocalId": 11569}"|(select id from anchor where name='ran-network-simulation')|114|(select id from dataspace where name='NFP-Operational')|null
117|/cps-ran-schema/NearRTRIC[@idNearRTRIC="22"]/GNBDUFunction[@idGNBDUFunction="4"]/NRCellDU[@idNRCellDU="11562"]/attributes|"{"nRPCI": 12, "nRTAC": 310, "cellLocalId": 11562}"|(select id from anchor where name='ran-network-simulation')|116|(select id from dataspace where name='NFP-Operational')|null
119|/cps-ran-schema/NearRTRIC[@idNearRTRIC="22"]/GNBDUFunction[@idGNBDUFunction="5"]/attributes|"{"gNBDUId": 5, "gNBDUName": "gnduserver5", "gNBIdLength": 32}"|(select id from anchor where name='ran-network-simulation')|118|(select id from dataspace where name='NFP-Operational')|null
120|/cps-ran-schema/NearRTRIC[@idNearRTRIC="22"]/GNBDUFunction[@idGNBDUFunction="5"]/NRCellDU[@idNRCellDU="13910"]|"{"idNRCellDU": "13910"}"|(select id from anchor where name='ran-network-simulation')|118|(select id from dataspace where name='NFP-Operational')|null
122|/cps-ran-schema/NearRTRIC[@idNearRTRIC="22"]/GNBDUFunction[@idGNBDUFunction="5"]/NRCellDU[@idNRCellDU="10897"]|"{"idNRCellDU": "10897"}"|(select id from anchor where name='ran-network-simulation')|118|(select id from dataspace where name='NFP-Operational')|null
124|/cps-ran-schema/NearRTRIC[@idNearRTRIC="22"]/GNBDUFunction[@idGNBDUFunction="5"]/NRCellDU[@idNRCellDU="14655"]|"{"idNRCellDU": "14655"}"|(select id from anchor where name='ran-network-simulation')|118|(select id from dataspace where name='NFP-Operational')|null
126|/cps-ran-schema/NearRTRIC[@idNearRTRIC="22"]/GNBDUFunction[@idGNBDUFunction="5"]/NRCellDU[@idNRCellDU="14656"]|"{"idNRCellDU": "14656"}"|(select id from anchor where name='ran-network-simulation')|118|(select id from dataspace where name='NFP-Operational')|null
128|/cps-ran-schema/NearRTRIC[@idNearRTRIC="22"]/GNBDUFunction[@idGNBDUFunction="5"]/NRCellDU[@idNRCellDU="13905"]|"{"idNRCellDU": "13905"}"|(select id from anchor where name='ran-network-simulation')|118|(select id from dataspace where name='NFP-Operational')|null
121|/cps-ran-schema/NearRTRIC[@idNearRTRIC="22"]/GNBDUFunction[@idGNBDUFunction="5"]/NRCellDU[@idNRCellDU="13910"]/attributes|"{"nRPCI": 12, "nRTAC": 310, "cellLocalId": 13910}"|(select id from anchor where name='ran-network-simulation')|120|(select id from dataspace where name='NFP-Operational')|null
123|/cps-ran-schema/NearRTRIC[@idNearRTRIC="22"]/GNBDUFunction[@idGNBDUFunction="5"]/NRCellDU[@idNRCellDU="10897"]/attributes|"{"nRPCI": 12, "nRTAC": 310, "cellLocalId": 10897}"|(select id from anchor where name='ran-network-simulation')|122|(select id from dataspace where name='NFP-Operational')|null
125|/cps-ran-schema/NearRTRIC[@idNearRTRIC="22"]/GNBDUFunction[@idGNBDUFunction="5"]/NRCellDU[@idNRCellDU="14655"]/attributes|"{"nRPCI": 12, "nRTAC": 310, "cellLocalId": 14655}"|(select id from anchor where name='ran-network-simulation')|124|(select id from dataspace where name='NFP-Operational')|null
127|/cps-ran-schema/NearRTRIC[@idNearRTRIC="22"]/GNBDUFunction[@idGNBDUFunction="5"]/NRCellDU[@idNRCellDU="14656"]/attributes|"{"nRPCI": 12, "nRTAC": 310, "cellLocalId": 14656}"|(select id from anchor where name='ran-network-simulation')|126|(select id from dataspace where name='NFP-Operational')|null
129|/cps-ran-schema/NearRTRIC[@idNearRTRIC="22"]/GNBDUFunction[@idGNBDUFunction="5"]/NRCellDU[@idNRCellDU="13905"]/attributes|"{"nRPCI": 12, "nRTAC": 310, "cellLocalId": 13905}"|(select id from anchor where name='ran-network-simulation')|128|(select id from dataspace where name='NFP-Operational')|null
131|/cps-ran-schema/NearRTRIC[@idNearRTRIC="22"]/GNBDUFunction[@idGNBDUFunction="6"]/attributes|"{"gNBDUId": 6, "gNBDUName": "gnduserver6", "gNBIdLength": 32}"|(select id from anchor where name='ran-network-simulation')|130|(select id from dataspace where name='NFP-Operational')|null
132|/cps-ran-schema/NearRTRIC[@idNearRTRIC="22"]/GNBDUFunction[@idGNBDUFunction="6"]/NRCellDU[@idNRCellDU="15548"]|"{"idNRCellDU": "15548"}"|(select id from anchor where name='ran-network-simulation')|130|(select id from dataspace where name='NFP-Operational')|null
134|/cps-ran-schema/NearRTRIC[@idNearRTRIC="22"]/GNBDUFunction[@idGNBDUFunction="6"]/NRCellDU[@idNRCellDU="14427"]|"{"idNRCellDU": "14427"}"|(select id from anchor where name='ran-network-simulation')|130|(select id from dataspace where name='NFP-Operational')|null
136|/cps-ran-schema/NearRTRIC[@idNearRTRIC="22"]/GNBDUFunction[@idGNBDUFunction="6"]/NRCellDU[@idNRCellDU="15549"]|"{"idNRCellDU": "15549"}"|(select id from anchor where name='ran-network-simulation')|130|(select id from dataspace where name='NFP-Operational')|null
138|/cps-ran-schema/NearRTRIC[@idNearRTRIC="22"]/GNBDUFunction[@idGNBDUFunction="6"]/NRCellDU[@idNRCellDU="15360"]|"{"idNRCellDU": "15360"}"|(select id from anchor where name='ran-network-simulation')|130|(select id from dataspace where name='NFP-Operational')|null
140|/cps-ran-schema/NearRTRIC[@idNearRTRIC="22"]/GNBDUFunction[@idGNBDUFunction="6"]/NRCellDU[@idNRCellDU="15361"]|"{"idNRCellDU": "15361"}"|(select id from anchor where name='ran-network-simulation')|130|(select id from dataspace where name='NFP-Operational')|null
133|/cps-ran-schema/NearRTRIC[@idNearRTRIC="22"]/GNBDUFunction[@idGNBDUFunction="6"]/NRCellDU[@idNRCellDU="15548"]/attributes|"{"nRPCI": 12, "nRTAC": 310, "cellLocalId": 15548}"|(select id from anchor where name='ran-network-simulation')|132|(select id from dataspace where name='NFP-Operational')|null
135|/cps-ran-schema/NearRTRIC[@idNearRTRIC="22"]/GNBDUFunction[@idGNBDUFunction="6"]/NRCellDU[@idNRCellDU="14427"]/attributes|"{"nRPCI": 12, "nRTAC": 310, "cellLocalId": 14427}"|(select id from anchor where name='ran-network-simulation')|134|(select id from dataspace where name='NFP-Operational')|null
137|/cps-ran-schema/NearRTRIC[@idNearRTRIC="22"]/GNBDUFunction[@idGNBDUFunction="6"]/NRCellDU[@idNRCellDU="15549"]/attributes|"{"nRPCI": 12, "nRTAC": 310, "cellLocalId": 15549}"|(select id from anchor where name='ran-network-simulation')|136|(select id from dataspace where name='NFP-Operational')|null
139|/cps-ran-schema/NearRTRIC[@idNearRTRIC="22"]/GNBDUFunction[@idGNBDUFunction="6"]/NRCellDU[@idNRCellDU="15360"]/attributes|"{"nRPCI": 12, "nRTAC": 310, "cellLocalId": 15360}"|(select id from anchor where name='ran-network-simulation')|138|(select id from dataspace where name='NFP-Operational')|null
141|/cps-ran-schema/NearRTRIC[@idNearRTRIC="22"]/GNBDUFunction[@idGNBDUFunction="6"]/NRCellDU[@idNRCellDU="15361"]/attributes|"{"nRPCI": 12, "nRTAC": 310, "cellLocalId": 15361}"|(select id from anchor where name='ran-network-simulation')|140|(select id from dataspace where name='NFP-Operational')|null
143|/cps-ran-schema/NearRTRIC[@idNearRTRIC="22"]/GNBCUUPFunction[@idGNBCUUPFunction="2222"]/attributes|"{"gNBId": 98763}"|(select id from anchor where name='ran-network-simulation')|142|(select id from dataspace where name='NFP-Operational')|null
